Workbook

Sheet Inputs
A1: Symbol | B1: Tenors | C1: Type | D1: Quote | F1: StartDate | G1: EndDate
A2: SOFR | B2: 1B | C2: Rate | D2: =INDEX(SOFRHist!$B:$B,MATCH($F$2,SOFRHist!$C:$C,0)) -> 3.66 | F2: 46077 | G2: =WORKDAY(F2,1,holidays_US!$A:$A) -> 46078
A3: SOFR-OIS 1W | B3: =VLOOKUP(Inputs!$A3,'SOFR-OIS'!$B:$E,3,FALSE)&VLOOKUP(Inputs!$A3,'SOFR-OIS'!$B:$E,4,FALSE) -> 1W | C3: Swap | D3: =+VLOOKUP(Inputs!$A3,'SOFR-OIS'!$B:$E,2,FALSE) -> 3.691 | F3: =+WORKDAY($F$2,1,holidays_US!$A:$A) -> 46078 | G3: =+WORKDAY(F3,5,holidays_US!$A:$A) -> 46085
A4: SOFR-OIS 2W | B4: =VLOOKUP(Inputs!$A4,'SOFR-OIS'!$B:$E,3,FALSE)&VLOOKUP(Inputs!$A4,'SOFR-OIS'!$B:$E,4,FALSE) -> 2W | C4: Swap | D4: =+VLOOKUP(Inputs!$A4,'SOFR-OIS'!$B:$E,2,FALSE) -> 3.677 | F4: =+WORKDAY($F$2,1,holidays_US!$A:$A) -> 46078 | G4: =+WORKDAY(F4,10,holidays_US!$A:$A) -> 46092
A5: SOFR-OIS 3W | B5: =VLOOKUP(Inputs!$A5,'SOFR-OIS'!$B:$E,3,FALSE)&VLOOKUP(Inputs!$A5,'SOFR-OIS'!$B:$E,4,FALSE) -> 3W | C5: Swap | D5: =+VLOOKUP(Inputs!$A5,'SOFR-OIS'!$B:$E,2,FALSE) -> 3.674 | F5: =+WORKDAY($F$2,1,holidays_US!$A:$A) -> 46078 | G5: =+WORKDAY(F5,15,holidays_US!$A:$A) -> 46099
A6: SOFR-OIS 1M | B6: =VLOOKUP(Inputs!$A6,'SOFR-OIS'!$B:$E,3,FALSE)&VLOOKUP(Inputs!$A6,'SOFR-OIS'!$B:$E,4,FALSE) -> 1M | C6: Swap | D6: =+VLOOKUP(Inputs!$A6,'SOFR-OIS'!$B:$E,2,FALSE) -> 3.674 | F6: =+WORKDAY($F$2,1,holidays_US!$A:$A) -> 46078 | G6: =+WORKDAY(F6,20,holidays_US!$A:$A) -> 46106
A7: SOFR-OIS 2M | B7: =VLOOKUP(Inputs!$A7,'SOFR-OIS'!$B:$E,3,FALSE)&VLOOKUP(Inputs!$A7,'SOFR-OIS'!$B:$E,4,FALSE) -> 2M | C7: Swap | D7: =+VLOOKUP(Inputs!$A7,'SOFR-OIS'!$B:$E,2,FALSE) -> 3.678 | F7: =+WORKDAY($F$2,1,holidays_US!$A:$A) -> 46078 | G7: =+WORKDAY(F7,40,holidays_US!$A:$A) -> 46134 | M7: T1 | N7: T2 | O7: ConvAdj | P7: ivol
A8: SOFR-OIS 3M | B8: =VLOOKUP(Inputs!$A8,'SOFR-OIS'!$B:$E,3,FALSE)&VLOOKUP(Inputs!$A8,'SOFR-OIS'!$B:$E,4,FALSE) -> 3M | C8: Swap | D8: =+VLOOKUP(Inputs!$A8,'SOFR-OIS'!$B:$E,2,FALSE) -> 3.672 | F8: =+WORKDAY($F$2,1,holidays_US!$A:$A) -> 46078 | G8: =+WORKDAY(F8,60,holidays_US!$A:$A) -> 46162 | K8: =1+D2*_xlfn.DAYS(F9,F2)/36000 -> 1.0022367 | P8: 0.00777
A9: SOFR3H6 | B9: =_xlfn.CONCAT(_xlfn.DAYS(G9,$F$2),"D") -> 112D | C9: Future | D9: =+VLOOKUP($A9,SOFR3!$A:$E,5,FALSE) -> 96.3425 | F9: =+G9-90 -> 46099 | G9: =+VLOOKUP($A9,SOFR3!$A:$E,2,FALSE) -> 46189 | I9: =100-D9 -> 3.6575 | J9: =+I9-O9 -> 3.6574426 | K9: =1+J9*90/36000 -> 1.0091436 | M9: =MAX(0,+F9-$F$2)/360 -> 0.061111111 | N9: =MAX(0,+G9-$F$2)/360 -> 0.31111111 | O9: =0.5*POWER($P$8,2)*M9*N9*100 -> 5.7391522e-05
A10: SOFR3M6 | B10: =_xlfn.CONCAT(_xlfn.DAYS(G10,$F$2),"D") -> 203D | C10: Future | D10: =+VLOOKUP(A10,SOFR3!$A:$E,5,FALSE) -> 96.515 | F10: =+G10-90 -> 46190 | G10: =+VLOOKUP($A10,SOFR3!$A:$E,2,FALSE) -> 46280 | I10: =100-D10 -> 3.485 | J10: =+I10-O10 -> 3.4844657 | K10: =1+J10*90/36000 -> 1.0087112 | M10: =MAX(0,+F10-$F$2)/360 -> 0.31388889 | N10: =MAX(0,+G10-$F$2)/360 -> 0.56388889 | O10: =0.5*POWER($P$8,2)*M10*N10*100 -> 0.00053429551
A11: SOFR3U6 | B11: =_xlfn.CONCAT(_xlfn.DAYS(G11,$F$2),"D") -> 294D | C11: Future | D11: =+VLOOKUP(A11,SOFR3!$A:$E,5,FALSE) -> 96.75 | F11: =+G11-90 -> 46281 | G11: =+VLOOKUP($A11,SOFR3!$A:$E,2,FALSE) -> 46371 | I11: =100-D11 -> 3.25 | J11: =+I11-O11 -> 3.248603 | K11: =1+J11*90/36000 -> 1.0081215 | M11: =MAX(0,+F11-$F$2)/360 -> 0.56666667 | N11: =MAX(0,+G11-$F$2)/360 -> 0.81666667 | O11: =0.5*POWER($P$8,2)*M11*N11*100 -> 0.0013969618
A12: SOFR3Z6 | B12: =_xlfn.CONCAT(_xlfn.DAYS(G12,$F$2),"D") -> 385D | C12: Future | D12: =+VLOOKUP(A12,SOFR3!$A:$E,5,FALSE) -> 96.9 | F12: =+G12-90 -> 46372 | G12: =+VLOOKUP($A12,SOFR3!$A:$E,2,FALSE) -> 46462 | I12: =100-D12 -> 3.1 | J12: =+I12-O12 -> 3.0973546 | K12: =1+J12*90/36000 -> 1.0077434 | M12: =MAX(0,+F12-$F$2)/360 -> 0.81944444 | N12: =MAX(0,+G12-$F$2)/360 -> 1.0694444 | O12: =0.5*POWER($P$8,2)*M12*N12*100 -> 0.0026453905
A13: SOFR3Z7 | B13: =_xlfn.CONCAT(_xlfn.DAYS(G13,$F$2),"D") -> 749D | C13: Future | D13: =+VLOOKUP(A13,SOFR3!$A:$E,5,FALSE) -> 96.97 | F13: =+G13-90 -> 46736 | G13: =+VLOOKUP($A13,SOFR3!$A:$E,2,FALSE) -> 46826 | I13: =100-D13 -> 3.03 | J13: =+I13-O13 -> 3.0185033 | K13: =(1+J13*90/36000)*(1+J12*_xlfn.DAYS(F13,G12)/36000) -> 1.0312985 | M13: =MAX(0,+F13-$F$2)/360 -> 1.8305556 | N13: =MAX(0,+G13-$F$2)/360 -> 2.0805556 | O13: =0.5*POWER($P$8,2)*M13*N13*100 -> 0.011496728
A14: SOFR-OIS 4M | B14: =VLOOKUP(Inputs!$A14,'SOFR-OIS'!$B:$E,3,FALSE)&VLOOKUP(Inputs!$A14,'SOFR-OIS'!$B:$E,4,FALSE) -> 4M | C14: Swap | D14: =+VLOOKUP(Inputs!$A14,'SOFR-OIS'!$B:$E,2,FALSE) -> 3.665 | I14: =+J14*100 -> 3.2543714 | J14: =POWER(K14,360/_xlfn.DAYS(G13,F2))-1 -> 0.032543714 | K14: =+PRODUCT(K3:K13) -> 1.0689005
A15: SOFR-OIS 5M | B15: =VLOOKUP(Inputs!$A15,'SOFR-OIS'!$B:$E,3,FALSE)&VLOOKUP(Inputs!$A15,'SOFR-OIS'!$B:$E,4,FALSE) -> 5M | C15: Swap | D15: =+VLOOKUP(Inputs!$A15,'SOFR-OIS'!$B:$E,2,FALSE) -> 3.646
A16: SOFR-OIS 6M | B16: =VLOOKUP(Inputs!$A16,'SOFR-OIS'!$B:$E,3,FALSE)&VLOOKUP(Inputs!$A16,'SOFR-OIS'!$B:$E,4,FALSE) -> 6M | C16: Swap | D16: =+VLOOKUP(Inputs!$A16,'SOFR-OIS'!$B:$E,2,FALSE) -> 3.62
A17: SOFR-OIS 7M | B17: =VLOOKUP(Inputs!$A17,'SOFR-OIS'!$B:$E,3,FALSE)&VLOOKUP(Inputs!$A17,'SOFR-OIS'!$B:$E,4,FALSE) -> 7M | C17: Swap | D17: =+VLOOKUP(Inputs!$A17,'SOFR-OIS'!$B:$E,2,FALSE) -> 3.596
A18: SOFR-OIS 8M | B18: =VLOOKUP(Inputs!$A18,'SOFR-OIS'!$B:$E,3,FALSE)&VLOOKUP(Inputs!$A18,'SOFR-OIS'!$B:$E,4,FALSE) -> 8M | C18: Swap | D18: =+VLOOKUP(Inputs!$A18,'SOFR-OIS'!$B:$E,2,FALSE) -> 3.566
A19: SOFR-OIS 9M | B19: =VLOOKUP(Inputs!$A19,'SOFR-OIS'!$B:$E,3,FALSE)&VLOOKUP(Inputs!$A19,'SOFR-OIS'!$B:$E,4,FALSE) -> 9M | C19: Swap | D19: =+VLOOKUP(Inputs!$A19,'SOFR-OIS'!$B:$E,2,FALSE) -> 3.535
A20: SOFR-OIS 10M | B20: =VLOOKUP(Inputs!$A20,'SOFR-OIS'!$B:$E,3,FALSE)&VLOOKUP(Inputs!$A20,'SOFR-OIS'!$B:$E,4,FALSE) -> 10M | C20: Swap | D20: =+VLOOKUP(Inputs!$A20,'SOFR-OIS'!$B:$E,2,FALSE) -> 3.503
A21: SOFR-OIS 11M | B21: =VLOOKUP(Inputs!$A21,'SOFR-OIS'!$B:$E,3,FALSE)&VLOOKUP(Inputs!$A21,'SOFR-OIS'!$B:$E,4,FALSE) -> 11M | C21: Swap | D21: =+VLOOKUP(Inputs!$A21,'SOFR-OIS'!$B:$E,2,FALSE) -> 3.478
A22: SOFR-OIS 15M | B22: =VLOOKUP(Inputs!$A22,'SOFR-OIS'!$B:$E,3,FALSE)&VLOOKUP(Inputs!$A22,'SOFR-OIS'!$B:$E,4,FALSE) -> 15M | C22: Swap | D22: =+VLOOKUP(Inputs!$A22,'SOFR-OIS'!$B:$E,2,FALSE) -> 3.369
A23: SOFR-OIS 18M | B23: =VLOOKUP(Inputs!$A23,'SOFR-OIS'!$B:$E,3,FALSE)&VLOOKUP(Inputs!$A23,'SOFR-OIS'!$B:$E,4,FALSE) -> 18M | C23: Swap | D23: =+VLOOKUP(Inputs!$A23,'SOFR-OIS'!$B:$E,2,FALSE) -> 3.311
A24: SOFR-OIS 1Y | B24: =VLOOKUP(Inputs!$A24,'SOFR-OIS'!$B:$E,3,FALSE)&VLOOKUP(Inputs!$A24,'SOFR-OIS'!$B:$E,4,FALSE) -> 1Y | C24: Swap | D24: =+VLOOKUP(Inputs!$A24,'SOFR-OIS'!$B:$E,2,FALSE) -> 3.452
A25: SOFR-OIS 2Y | B25: =VLOOKUP(Inputs!$A25,'SOFR-OIS'!$B:$E,3,FALSE)&VLOOKUP(Inputs!$A25,'SOFR-OIS'!$B:$E,4,FALSE) -> 2Y | C25: Swap | D25: =+VLOOKUP(Inputs!$A25,'SOFR-OIS'!$B:$E,2,FALSE) -> 3.25
A26: SOFR-OIS 3Y | B26: =VLOOKUP(Inputs!$A26,'SOFR-OIS'!$B:$E,3,FALSE)&VLOOKUP(Inputs!$A26,'SOFR-OIS'!$B:$E,4,FALSE) -> 3Y | C26: Swap | D26: =+VLOOKUP(Inputs!$A26,'SOFR-OIS'!$B:$E,2,FALSE) -> 3.217
... A42: SOFR-OIS 50Y | B42: =VLOOKUP(Inputs!$A42,'SOFR-OIS'!$B:$E,3,FALSE)&VLOOKUP(Inputs!$A42,'SOFR-OIS'!$B:$E,4,FALSE) -> 50Y | C42: Swap | D42: =+VLOOKUP(Inputs!$A42,'SOFR-OIS'!$B:$E,2,FALSE) -> 3.777

Sheet SOFR-OIS
A1: TRADE_DATE | B1: FRIENDLY_NAME | C1: RATE | D1: TENOR_NUM | E1: TENOR_UNIT
A2: 46076.625 | B2: SOFR-OIS 1W | C2: 3.691 | D2: 1 | E2: W
A3: 46076.625 | B3: SOFR-OIS 2W | C3: 3.677 | D3: 2 | E3: W
A4: 46076.625 | B4: SOFR-OIS 3W | C4: 3.674 | D4: 3 | E4: W
A5: 46076.625 | B5: SOFR-OIS 1M | C5: 3.674 | D5: 1 | E5: M
A6: 46076.625 | B6: SOFR-OIS 2M | C6: 3.678 | D6: 2 | E6: M
A7: 46076.625 | B7: SOFR-OIS 3M | C7: 3.672 | D7: 3 | E7: M
A8: 46076.625 | B8: SOFR-OIS 4M | C8: 3.665 | D8: 4 | E8: M
A9: 46076.625 | B9: SOFR-OIS 5M | C9: 3.646 | D9: 5 | E9: M
A10: 46076.625 | B10: SOFR-OIS 6M | C10: 3.62 | D10: 6 | E10: M
A11: 46076.625 | B11: SOFR-OIS 7M | C11: 3.596 | D11: 7 | E11: M
A12: 46076.625 | B12: SOFR-OIS 8M | C12: 3.566 | D12: 8 | E12: M
A13: 46076.625 | B13: SOFR-OIS 9M | C13: 3.535 | D13: 9 | E13: M
... A36: 46076.625 | B36: SOFR-OIS 50Y | C36: 3.777 | D36: 50 | E36: Y

Sheet SOFR3
A1: RIC | B1: EXPIRATION_DATE | C1: CONTRACT_MONTH_YEAR | D1: TRADING_DATE | E1: SETTLE
A2: SOFR3Z5 | B2: 46098 | C2: 45992 | D2: 46076 | E2: 96.31
A3: SOFR3H6 | B3: 46189 | C3: 46082 | D3: 46076 | E3: 96.3425
A4: SOFR3M6 | B4: 46280 | C4: 46174 | D4: 46076 | E4: 96.515
A5: SOFR3U6 | B5: 46371 | C5: 46266 | D5: 46076 | E5: 96.75
A6: SOFR3Z6 | B6: 46462 | C6: 46357 | D6: 46076 | E6: 96.9
A7: SOFR3H7 | B7: 46553 | C7: 46447 | D7: 46076 | E7: 96.97
A8: SOFR3M7 | B8: 46644 | C8: 46539 | D8: 46076 | E8: 96.995
A9: SOFR3U7 | B9: 46735 | C9: 46631 | D9: 46076 | E9: 96.99
A10: SOFR3Z7 | B10: 46826 | C10: 46722 | D10: 46076 | E10: 96.97
A11: SOFR3H8 | B11: 46924 | C11: 46813 | D11: 46076 | E11: 96.935
A12: SOFR3M8 | B12: 47015 | C12: 46905 | D12: 46076 | E12: 96.89
A13: SOFR3U8 | B13: 47106 | C13: 46997 | D13: 46076 | E13: 96.84
... A25: SOFR3U31 | B25: 48198 | C25: 48092 | D25: 46076 | E25: 96.245

Sheet SOFRHist
A1: TRADE_DATE | B1: SOFR | C1: EFF_DATE
A2: 43832.332 | B2: 1.54 | C2: =WORKDAY(INT($A2),1,holidays_US!$A:$A) -> 43833
A3: 43833.333 | B3: 1.55 | C3: =WORKDAY(INT($A3),1,holidays_US!$A:$A) -> 43836
A4: 43836.333 | B4: 1.55 | C4: =WORKDAY(INT($A4),1,holidays_US!$A:$A) -> 43837
A5: 43837.333 | B5: 1.56 | C5: =WORKDAY(INT($A5),1,holidays_US!$A:$A) -> 43838
A6: 43838.333 | B6: 1.55 | C6: =WORKDAY(INT($A6),1,holidays_US!$A:$A) -> 43839
A7: 43839.333 | B7: 1.55 | C7: =WORKDAY(INT($A7),1,holidays_US!$A:$A) -> 43840
A8: 43840.333 | B8: 1.55 | C8: =WORKDAY(INT($A8),1,holidays_US!$A:$A) -> 43843
A9: 43843.333 | B9: 1.54 | C9: =WORKDAY(INT($A9),1,holidays_US!$A:$A) -> 43844
A10: 43844.333 | B10: 1.55 | C10: =WORKDAY(INT($A10),1,holidays_US!$A:$A) -> 43845
A11: 43845.333 | B11: 1.56 | C11: =WORKDAY(INT($A11),1,holidays_US!$A:$A) -> 43846
A12: 43846.333 | B12: 1.55 | C12: =WORKDAY(INT($A12),1,holidays_US!$A:$A) -> 43847
A13: 43847.333 | B13: 1.54 | C13: =WORKDAY(INT($A13),1,holidays_US!$A:$A) -> 43851
... A1534: 46076.333 | B1534: 3.66 | C1534: =WORKDAY(INT($A1534),1,holidays_US!$A:$A) -> 46077

Sheet holidays_US
A1: 43831
A2: 43850
A3: 43878
A4: 43976
A5: 44015
A6: 44081
A7: 44116
A8: 44146
A9: 44161
A10: 44190
A11: 44197
A12: 44214
... A74: 46381
